,name,label
0,DR-079.tif,DR
1,DR-099.tif,DR
2,DR-006.tif,DR
3,DR-053.tif,DR
4,DR-012.tif,DR
5,DR-085.tif,DR
6,DR-076.tif,DR
7,DR-061.tif,DR
8,DR-014.tif,DR
9,DR-097.tif,DR
10,DR-078.tif,DR
11,DR-004.tif,DR
12,DR-025.tif,DR
13,DR-084.tif,DR
14,DR-028.tif,DR
15,DR-018.tif,DR
16,DR-001.tif,DR
17,DR-030.tif,DR
18,DR-027.tif,DR
19,DR-040.tif,DR
20,DR-093.tif,DR
21,DR-039.tif,DR
22,DR-045.tif,DR
23,DR-060.tif,DR
24,DR-065.tif,DR
25,DR-020.tif,DR
26,DR-059.tif,DR
27,DR-077.tif,DR
28,DR-034.tif,DR
29,DR-066.tif,DR
30,DR-022.tif,DR
31,DR-058.tif,DR
32,DR-003.tif,DR
33,DR-041.tif,DR
34,DR-091.tif,DR
35,DR-021.tif,DR
36,DR-017.tif,DR
37,DR-005.tif,DR
38,DR-051.tif,DR
39,DR-081.tif,DR
40,DR-100.tif,DR
41,DR-031.tif,DR
42,DR-009.tif,DR
43,DR-083.tif,DR
44,DR-052.tif,DR
45,DR-046.tif,DR
46,DR-072.tif,DR
47,DR-063.tif,DR
48,DR-019.tif,DR
49,DR-087.tif,DR
50,DR-044.tif,DR
51,DR-088.tif,DR
52,DR-098.tif,DR
53,DR-016.tif,DR
54,DR-092.tif,DR
55,DR-010.tif,DR
56,DR-043.tif,DR
57,DR-075.tif,DR
58,DR-068.tif,DR
59,DR-056.tif,DR
60,DR-062.tif,DR
61,DR-032.tif,DR
62,DR-038.tif,DR
63,DR-057.tif,DR
64,DR-050.tif,DR
65,DR-070.tif,DR
66,DR-048.tif,DR
67,DR-064.tif,DR
68,DR-049.tif,DR
69,DR-096.tif,DR
70,DR-086.tif,DR
71,DR-082.tif,DR
72,DR-023.tif,DR
73,DR-011.tif,DR
74,DR-055.tif,DR
75,DR-067.tif,DR
76,DR-069.tif,DR
77,DR-054.tif,DR
78,DR-094.tif,DR
79,DR-036.tif,DR
80,DR-033.tif,DR
81,DR-089.tif,DR
82,DR-073.tif,DR
83,DR-007.tif,DR
84,DR-008.tif,DR
85,DR-071.tif,DR
86,DR-037.tif,DR
87,DR-015.tif,DR
88,DR-002.tif,DR
89,DR-026.tif,DR
90,DR-042.tif,DR
91,DR-035.tif,DR
92,DR-095.tif,DR
93,DR-074.tif,DR
94,DR-029.tif,DR
95,DR-090.tif,DR
96,DR-013.tif,DR
97,DR-024.tif,DR
98,DR-047.tif,DR
99,DR-080.tif,DR
100,AMD-083.tif,AMD
101,AMD-085.tif,AMD
102,AMD-058.tif,AMD
103,AMD-025.tif,AMD
104,AMD-033.tif,AMD
105,AMD-067.tif,AMD
106,AMD-001.tif,AMD
107,AMD-037.tif,AMD
108,AMD-020.tif,AMD
109,AMD-031.tif,AMD
110,AMD-064.tif,AMD
111,AMD-098.tif,AMD
112,AMD-007.tif,AMD
113,AMD-087.tif,AMD
114,AMD-042.tif,AMD
115,AMD-012.tif,AMD
116,AMD-093.tif,AMD
117,AMD-046.tif,AMD
118,AMD-019.tif,AMD
119,AMD-081.tif,AMD
120,AMD-047.tif,AMD
121,AMD-036.tif,AMD
122,AMD-080.tif,AMD
123,AMD-041.tif,AMD
124,AMD-061.tif,AMD
125,AMD-034.tif,AMD
126,AMD-066.tif,AMD
127,AMD-023.tif,AMD
128,AMD-078.tif,AMD
129,AMD-100.tif,AMD
130,AMD-028.tif,AMD
131,AMD-008.tif,AMD
132,AMD-027.tif,AMD
133,AMD-035.tif,AMD
134,AMD-072.tif,AMD
135,AMD-011.tif,AMD
136,AMD-009.tif,AMD
137,AMD-039.tif,AMD
138,AMD-060.tif,AMD
139,AMD-077.tif,AMD
140,AMD-051.tif,AMD
141,AMD-069.tif,AMD
142,AMD-073.tif,AMD
143,AMD-018.tif,AMD
144,AMD-055.tif,AMD
145,AMD-017.tif,AMD
146,AMD-071.tif,AMD
147,AMD-090.tif,AMD
148,AMD-052.tif,AMD
149,AMD-086.tif,AMD
150,AMD-040.tif,AMD
151,AMD-004.tif,AMD
152,AMD-065.tif,AMD
153,AMD-095.tif,AMD
154,AMD-005.tif,AMD
155,AMD-097.tif,AMD
156,AMD-029.tif,AMD
157,AMD-021.tif,AMD
158,AMD-076.tif,AMD
159,AMD-053.tif,AMD
160,AMD-043.tif,AMD
161,AMD-002.tif,AMD
162,AMD-074.tif,AMD
163,AMD-013.tif,AMD
164,AMD-032.tif,AMD
165,AMD-054.tif,AMD
166,AMD-003.tif,AMD
167,AMD-048.tif,AMD
168,AMD-091.tif,AMD
169,AMD-096.tif,AMD
170,AMD-044.tif,AMD
171,AMD-038.tif,AMD
172,AMD-056.tif,AMD
173,AMD-088.tif,AMD
174,AMD-099.tif,AMD
175,AMD-016.tif,AMD
176,AMD-089.tif,AMD
177,AMD-050.tif,AMD
178,AMD-079.tif,AMD
179,AMD-026.tif,AMD
180,AMD-006.tif,AMD
181,AMD-063.tif,AMD
182,AMD-024.tif,AMD
183,AMD-059.tif,AMD
184,AMD-045.tif,AMD
185,AMD-015.tif,AMD
186,AMD-082.tif,AMD
187,AMD-057.tif,AMD
188,AMD-062.tif,AMD
189,AMD-030.tif,AMD
190,AMD-049.tif,AMD
191,AMD-010.tif,AMD
192,AMD-092.tif,AMD
193,AMD-075.tif,AMD
194,AMD-084.tif,AMD
195,AMD-022.tif,AMD
196,AMD-070.tif,AMD
197,AMD-014.tif,AMD
198,AMD-068.tif,AMD
199,AMD-094.tif,AMD
200,Uveitis-084.jpg,Uveitis
201,Uveitis-061.jpg,Uveitis
202,Uveitis-027.jpg,Uveitis
203,Uveitis-069.jpg,Uveitis
204,Uveitis-008.jpg,Uveitis
205,Uveitis-057.jpg,Uveitis
206,Uveitis-045.jpg,Uveitis
207,Uveitis-063.jpg,Uveitis
208,Uveitis-050.jpg,Uveitis
209,Uveitis-006.jpg,Uveitis
210,Uveitis-002.jpg,Uveitis
211,Uveitis-052.jpg,Uveitis
212,Uveitis-059.jpg,Uveitis
213,Uveitis-055.jpg,Uveitis
214,Uveitis-072.jpg,Uveitis
215,Uveitis-043.jpg,Uveitis
216,Uveitis-015.jpg,Uveitis
217,Uveitis-048.jpg,Uveitis
218,Uveitis-099.jpg,Uveitis
219,Uveitis-044.jpg,Uveitis
220,Uveitis-064.jpg,Uveitis
221,Uveitis-017.jpg,Uveitis
222,Uveitis-080.jpg,Uveitis
223,Uveitis-049.jpg,Uveitis
224,Uveitis-070.jpg,Uveitis
225,Uveitis-038.jpg,Uveitis
226,Uveitis-024.jpg,Uveitis
227,Uveitis-014.jpg,Uveitis
228,Uveitis-083.jpg,Uveitis
229,Uveitis-073.jpg,Uveitis
230,Uveitis-077.jpg,Uveitis
231,Uveitis-031.jpg,Uveitis
232,Uveitis-016.jpg,Uveitis
233,Uveitis-082.jpg,Uveitis
234,Uveitis-001.jpg,Uveitis
235,Uveitis-020.jpg,Uveitis
236,Uveitis-022.jpg,Uveitis
237,Uveitis-076.jpg,Uveitis
238,Uveitis-060.jpg,Uveitis
239,Uveitis-085.jpg,Uveitis
240,Uveitis-100.jpg,Uveitis
241,Uveitis-098.jpg,Uveitis
242,Uveitis-041.jpg,Uveitis
243,Uveitis-010.jpg,Uveitis
244,Uveitis-088.jpg,Uveitis
245,Uveitis-019.jpg,Uveitis
246,Uveitis-029.jpg,Uveitis
247,Uveitis-081.jpg,Uveitis
248,Uveitis-009.jpg,Uveitis
249,Uveitis-021.jpg,Uveitis
250,Uveitis-011.jpg,Uveitis
251,Uveitis-066.jpg,Uveitis
252,Uveitis-026.jpg,Uveitis
253,Uveitis-075.jpg,Uveitis
254,Uveitis-035.jpg,Uveitis
255,Uveitis-018.jpg,Uveitis
256,Uveitis-046.jpg,Uveitis
257,Uveitis-032.jpg,Uveitis
258,Uveitis-007.jpg,Uveitis
259,Uveitis-096.jpg,Uveitis
260,Uveitis-036.jpg,Uveitis
261,Uveitis-079.jpg,Uveitis
262,Uveitis-094.jpg,Uveitis
263,Uveitis-056.jpg,Uveitis
264,Uveitis-071.jpg,Uveitis
265,Uveitis-033.jpg,Uveitis
266,Uveitis-068.jpg,Uveitis
267,Uveitis-039.jpg,Uveitis
268,Uveitis-090.jpg,Uveitis
269,Uveitis-053.jpg,Uveitis
270,Uveitis-065.jpg,Uveitis
271,Uveitis-078.jpg,Uveitis
272,Uveitis-092.jpg,Uveitis
273,Uveitis-058.jpg,Uveitis
274,Uveitis-040.jpg,Uveitis
275,Uveitis-087.jpg,Uveitis
276,Uveitis-023.jpg,Uveitis
277,Uveitis-037.jpg,Uveitis
278,Uveitis-062.jpg,Uveitis
279,Uveitis-012.jpg,Uveitis
280,Uveitis-034.jpg,Uveitis
281,Uveitis-042.jpg,Uveitis
282,Uveitis-086.jpg,Uveitis
283,Uveitis-005.jpg,Uveitis
284,Uveitis-025.jpg,Uveitis
285,Uveitis-091.jpg,Uveitis
286,Uveitis-013.jpg,Uveitis
287,Uveitis-067.jpg,Uveitis
288,Uveitis-030.jpg,Uveitis
289,Uveitis-047.jpg,Uveitis
290,Uveitis-074.jpg,Uveitis
291,Uveitis-095.jpg,Uveitis
292,Uveitis-089.jpg,Uveitis
293,Uveitis-003.jpg,Uveitis
294,Uveitis-051.jpg,Uveitis
295,Uveitis-054.jpg,Uveitis
296,Uveitis-097.jpg,Uveitis
297,Uveitis-028.jpg,Uveitis
298,Uveitis-004.jpg,Uveitis
299,Uveitis-093.jpg,Uveitis
300,RD-044.jpg,RD
301,RD-022.jpg,RD
302,RD-021.jpg,RD
303,RD-005.jpg,RD
304,RD-064.jpg,RD
305,RD-032.jpg,RD
306,RD-067.jpg,RD
307,RD-045.jpg,RD
308,RD-090.jpg,RD
309,RD-001.jpg,RD
310,RD-068.jpg,RD
311,RD-006.jpg,RD
312,RD-086.jpg,RD
313,RD-072.jpg,RD
314,RD-076.jpg,RD
315,RD-066.jpg,RD
316,RD-030.jpg,RD
317,RD-051.jpg,RD
318,RD-040.jpg,RD
319,RD-057.jpg,RD
320,RD-062.jpg,RD
321,RD-012.jpg,RD
322,RD-041.jpg,RD
323,RD-035.jpg,RD
324,RD-009.jpg,RD
325,RD-079.jpg,RD
326,RD-084.jpg,RD
327,RD-095.jpg,RD
328,RD-014.jpg,RD
329,RD-097.jpg,RD
330,RD-046.jpg,RD
331,RD-053.jpg,RD
332,RD-078.jpg,RD
333,RD-061.jpg,RD
334,RD-036.jpg,RD
335,RD-094.jpg,RD
336,RD-026.jpg,RD
337,RD-100.jpg,RD
338,RD-049.jpg,RD
339,RD-098.jpg,RD
340,RD-069.jpg,RD
341,RD-002.jpg,RD
342,RD-060.jpg,RD
343,RD-037.jpg,RD
344,RD-087.jpg,RD
345,RD-024.jpg,RD
346,RD-019.jpg,RD
347,RD-011.jpg,RD
348,RD-055.jpg,RD
349,RD-089.jpg,RD
350,RD-065.jpg,RD
351,RD-017.jpg,RD
352,RD-020.jpg,RD
353,RD-018.jpg,RD
354,RD-074.jpg,RD
355,RD-096.jpg,RD
356,RD-023.jpg,RD
357,RD-099.jpg,RD
358,RD-092.jpg,RD
359,RD-029.jpg,RD
360,RD-085.jpg,RD
361,RD-063.jpg,RD
362,RD-007.jpg,RD
363,RD-034.jpg,RD
364,RD-093.jpg,RD
365,RD-025.jpg,RD
366,RD-033.jpg,RD
367,RD-043.jpg,RD
368,RD-028.jpg,RD
369,RD-010.jpg,RD
370,RD-070.jpg,RD
371,RD-071.jpg,RD
372,RD-088.jpg,RD
373,RD-042.jpg,RD
374,RD-015.jpg,RD
375,RD-039.jpg,RD
376,RD-008.jpg,RD
377,RD-082.jpg,RD
378,RD-077.jpg,RD
379,RD-091.jpg,RD
380,RD-031.jpg,RD
381,RD-027.jpg,RD
382,RD-047.jpg,RD
383,RD-081.jpg,RD
384,RD-080.jpg,RD
385,RD-054.jpg,RD
386,RD-058.jpg,RD
387,RD-075.jpg,RD
388,RD-052.jpg,RD
389,RD-013.jpg,RD
390,RD-056.jpg,RD
391,RD-083.jpg,RD
392,RD-004.jpg,RD
393,RD-050.jpg,RD
394,RD-038.jpg,RD
395,RD-073.jpg,RD
396,RD-048.jpg,RD
397,RD-016.jpg,RD
398,RD-003.jpg,RD
399,RD-059.jpg,RD
400,PM-052.jpg,PM
401,PM-061.jpg,PM
402,PM-068.jpg,PM
403,PM-016.jpg,PM
404,PM-075.jpg,PM
405,PM-019.jpg,PM
406,PM-087.jpg,PM
407,PM-059.jpg,PM
408,PM-014.jpg,PM
409,PM-012.jpg,PM
410,PM-045.jpg,PM
411,PM-004.jpg,PM
412,PM-097.jpg,PM
413,PM-065.jpg,PM
414,PM-001.jpg,PM
415,PM-098.jpg,PM
416,PM-081.jpg,PM
417,PM-033.jpg,PM
418,PM-006.jpg,PM
419,PM-023.jpg,PM
420,PM-090.jpg,PM
421,PM-043.jpg,PM
422,PM-050.jpg,PM
423,PM-018.jpg,PM
424,PM-084.jpg,PM
425,PM-055.jpg,PM
426,PM-030.jpg,PM
427,PM-093.jpg,PM
428,PM-026.jpg,PM
429,PM-035.jpg,PM
430,PM-062.jpg,PM
431,PM-003.jpg,PM
432,PM-089.jpg,PM
433,PM-054.jpg,PM
434,PM-083.jpg,PM
435,PM-041.jpg,PM
436,PM-049.jpg,PM
437,PM-037.jpg,PM
438,PM-046.jpg,PM
439,PM-027.jpg,PM
440,PM-060.jpg,PM
441,PM-070.jpg,PM
442,PM-096.jpg,PM
443,PM-034.jpg,PM
444,PM-072.jpg,PM
445,PM-051.jpg,PM
446,PM-078.jpg,PM
447,PM-056.jpg,PM
448,PM-028.jpg,PM
449,PM-021.jpg,PM
450,PM-100.jpg,PM
451,PM-094.jpg,PM
452,PM-092.jpg,PM
453,PM-015.jpg,PM
454,PM-053.jpg,PM
455,PM-057.jpg,PM
456,PM-066.jpg,PM
457,PM-058.jpg,PM
458,PM-067.jpg,PM
459,PM-009.jpg,PM
460,PM-040.jpg,PM
461,PM-069.jpg,PM
462,PM-008.jpg,PM
463,PM-079.jpg,PM
464,PM-022.jpg,PM
465,PM-032.jpg,PM
466,PM-024.jpg,PM
467,PM-010.jpg,PM
468,PM-076.jpg,PM
469,PM-011.jpg,PM
470,PM-077.jpg,PM
471,PM-099.jpg,PM
472,PM-031.jpg,PM
473,PM-020.jpg,PM
474,PM-086.jpg,PM
475,PM-044.jpg,PM
476,PM-088.jpg,PM
477,PM-013.jpg,PM
478,PM-036.jpg,PM
479,PM-063.jpg,PM
480,PM-080.jpg,PM
481,PM-002.jpg,PM
482,PM-085.jpg,PM
483,PM-017.jpg,PM
484,PM-071.jpg,PM
485,PM-095.jpg,PM
486,PM-007.jpg,PM
487,PM-038.jpg,PM
488,PM-047.jpg,PM
489,PM-074.jpg,PM
490,PM-025.jpg,PM
491,PM-005.jpg,PM
492,PM-048.jpg,PM
493,PM-082.jpg,PM
494,PM-039.jpg,PM
495,PM-029.jpg,PM
496,PM-091.jpg,PM
497,PM-064.jpg,PM
498,PM-073.jpg,PM
499,PM-042.jpg,PM
500,RVO-015.jpg,RVO
501,RVO-019.jpg,RVO
502,RVO-078.jpg,RVO
503,RVO-079.jpg,RVO
504,RVO-011.jpg,RVO
505,RVO-030.jpg,RVO
506,RVO-012.jpg,RVO
507,RVO-052.jpg,RVO
508,RVO-005.jpg,RVO
509,RVO-033.jpg,RVO
510,RVO-067.jpg,RVO
511,RVO-099.jpg,RVO
512,RVO-082.jpg,RVO
513,RVO-014.jpg,RVO
514,RVO-036.jpg,RVO
515,RVO-048.jpg,RVO
516,RVO-002.jpg,RVO
517,RVO-020.jpg,RVO
518,RVO-040.jpg,RVO
519,RVO-088.jpg,RVO
520,RVO-097.jpg,RVO
521,RVO-064.jpg,RVO
522,RVO-076.jpg,RVO
523,RVO-006.jpg,RVO
524,RVO-061.jpg,RVO
525,RVO-051.jpg,RVO
526,RVO-041.jpg,RVO
527,RVO-068.jpg,RVO
528,RVO-069.jpg,RVO
529,RVO-029.jpg,RVO
530,RVO-047.jpg,RVO
531,RVO-028.jpg,RVO
532,RVO-084.jpg,RVO
533,RVO-074.jpg,RVO
534,RVO-085.jpg,RVO
535,RVO-092.jpg,RVO
536,RVO-066.jpg,RVO
537,RVO-091.jpg,RVO
538,RVO-077.jpg,RVO
539,RVO-008.jpg,RVO
540,RVO-027.jpg,RVO
541,RVO-021.jpg,RVO
542,RVO-046.jpg,RVO
543,RVO-010.jpg,RVO
544,RVO-073.jpg,RVO
545,RVO-071.jpg,RVO
546,RVO-093.jpg,RVO
547,RVO-031.jpg,RVO
548,RVO-025.jpg,RVO
549,RVO-009.jpg,RVO
550,RVO-058.jpg,RVO
551,RVO-026.jpg,RVO
552,RVO-037.jpg,RVO
553,RVO-096.jpg,RVO
554,RVO-043.jpg,RVO
555,RVO-045.jpg,RVO
556,RVO-042.jpg,RVO
557,RVO-050.jpg,RVO
558,RVO-024.jpg,RVO
559,RVO-059.jpg,RVO
560,RVO-060.jpg,RVO
561,RVO-081.jpg,RVO
562,RVO-057.jpg,RVO
563,RVO-075.jpg,RVO
564,RVO-049.jpg,RVO
565,RVO-086.jpg,RVO
566,RVO-001.jpg,RVO
567,RVO-017.jpg,RVO
568,RVO-039.jpg,RVO
569,RVO-044.jpg,RVO
570,RVO-083.jpg,RVO
571,RVO-007.jpg,RVO
572,RVO-022.jpg,RVO
573,RVO-089.jpg,RVO
574,RVO-032.jpg,RVO
575,RVO-062.jpg,RVO
576,RVO-100.jpg,RVO
577,RVO-090.jpg,RVO
578,RVO-080.jpg,RVO
579,RVO-095.jpg,RVO
580,RVO-072.jpg,RVO
581,RVO-003.jpg,RVO
582,RVO-065.jpg,RVO
583,RVO-055.jpg,RVO
584,RVO-063.jpg,RVO
585,RVO-094.jpg,RVO
586,RVO-035.jpg,RVO
587,RVO-054.jpg,RVO
588,RVO-056.jpg,RVO
589,RVO-018.jpg,RVO
590,RVO-098.jpg,RVO
591,RVO-016.jpg,RVO
592,RVO-023.jpg,RVO
593,RVO-070.jpg,RVO
594,RVO-004.jpg,RVO
595,RVO-034.jpg,RVO
596,RVO-013.jpg,RVO
597,RVO-087.jpg,RVO
598,RVO-038.jpg,RVO
599,RVO-053.jpg,RVO
600,Healthy-072.jpg,Healthy
601,Healthy-099.jpg,Healthy
602,Healthy-083.jpg,Healthy
603,Healthy-082.jpg,Healthy
604,Healthy-028.jpg,Healthy
605,Healthy-070.jpg,Healthy
606,Healthy-091.jpg,Healthy
607,Healthy-076.jpg,Healthy
608,Healthy-041.jpg,Healthy
609,Healthy-006.jpg,Healthy
610,Healthy-074.jpg,Healthy
611,Healthy-063.jpg,Healthy
612,Healthy-079.jpg,Healthy
613,Healthy-022.jpg,Healthy
614,Healthy-036.jpg,Healthy
615,Healthy-055.jpg,Healthy
616,Healthy-040.jpg,Healthy
617,Healthy-081.jpg,Healthy
618,Healthy-007.jpg,Healthy
619,Healthy-047.jpg,Healthy
620,Healthy-037.jpg,Healthy
621,Healthy-048.jpg,Healthy
622,Healthy-090.jpg,Healthy
623,Healthy-057.jpg,Healthy
624,Healthy-075.jpg,Healthy
625,Healthy-067.jpg,Healthy
626,Healthy-100.jpg,Healthy
627,Healthy-044.jpg,Healthy
628,Healthy-013.jpg,Healthy
629,Healthy-080.jpg,Healthy
630,Healthy-010.jpg,Healthy
631,Healthy-009.jpg,Healthy
632,Healthy-023.jpg,Healthy
633,Healthy-008.jpg,Healthy
634,Healthy-032.jpg,Healthy
635,Healthy-050.jpg,Healthy
636,Healthy-069.jpg,Healthy
637,Healthy-031.jpg,Healthy
638,Healthy-098.jpg,Healthy
639,Healthy-016.jpg,Healthy
640,Healthy-052.jpg,Healthy
641,Healthy-064.jpg,Healthy
642,Healthy-024.jpg,Healthy
643,Healthy-018.jpg,Healthy
644,Healthy-005.jpg,Healthy
645,Healthy-021.jpg,Healthy
646,Healthy-060.jpg,Healthy
647,Healthy-038.jpg,Healthy
648,Healthy-087.jpg,Healthy
649,Healthy-065.jpg,Healthy
650,Healthy-004.jpg,Healthy
651,Healthy-068.jpg,Healthy
652,Healthy-034.jpg,Healthy
653,Healthy-088.jpg,Healthy
654,Healthy-089.jpg,Healthy
655,Healthy-039.jpg,Healthy
656,Healthy-033.jpg,Healthy
657,Healthy-001.jpg,Healthy
658,Healthy-097.jpg,Healthy
659,Healthy-019.jpg,Healthy
660,Healthy-093.jpg,Healthy
661,Healthy-054.jpg,Healthy
662,Healthy-025.jpg,Healthy
663,Healthy-029.jpg,Healthy
664,Healthy-002.jpg,Healthy
665,Healthy-003.jpg,Healthy
666,Healthy-095.jpg,Healthy
667,Healthy-062.jpg,Healthy
668,Healthy-073.jpg,Healthy
669,Healthy-077.jpg,Healthy
670,Healthy-086.jpg,Healthy
671,Healthy-012.jpg,Healthy
672,Healthy-094.jpg,Healthy
673,Healthy-059.jpg,Healthy
674,Healthy-035.jpg,Healthy
675,Healthy-042.jpg,Healthy
676,Healthy-085.jpg,Healthy
677,Healthy-014.jpg,Healthy
678,Healthy-011.jpg,Healthy
679,Healthy-053.jpg,Healthy
680,Healthy-046.jpg,Healthy
681,Healthy-061.jpg,Healthy
682,Healthy-027.jpg,Healthy
683,Healthy-078.jpg,Healthy
684,Healthy-020.jpg,Healthy
685,Healthy-092.jpg,Healthy
686,Healthy-049.jpg,Healthy
687,Healthy-043.jpg,Healthy
688,Healthy-015.jpg,Healthy
689,Healthy-026.jpg,Healthy
690,Healthy-051.jpg,Healthy
691,Healthy-058.jpg,Healthy
692,Healthy-056.jpg,Healthy
693,Healthy-084.jpg,Healthy
694,Healthy-030.jpg,Healthy
695,Healthy-071.jpg,Healthy
696,Healthy-066.jpg,Healthy
697,Healthy-096.jpg,Healthy
698,Healthy-017.jpg,Healthy
699,Healthy-045.jpg,Healthy
